sim,seed,dist_size,k,n_rep,naive_mean,jackknife_mean,bootstrap_mean,naive_t_test,bootstrap_t_test
1,1,500,7,10,0.032037537151297715,-0.009092691394575414,0.0054120152763251165,"Ttest_relResult(statistic=6.876276829043331, pvalue=7.256682799790129e-05)","Ttest_relResult(statistic=3.952123872513341, pvalue=0.003343930620894191)"
1,1,500,7,50,0.047714127479969524,0.0003788533057376231,0.019715122580521965,"Ttest_relResult(statistic=20.136978939167307, pvalue=2.3913720889647943e-25)","Ttest_relResult(statistic=11.111917364491537, pvalue=5.418918756836815e-15)"
1,1,500,7,100,0.04836526411888384,-0.0006148102545102652,0.020175927518746816,"Ttest_relResult(statistic=30.59167065726169, pvalue=2.964229022173968e-52)","Ttest_relResult(statistic=16.249966839554784, pvalue=1.0851569642644818e-29)"
1,1,500,7,200,0.04651067633824333,-0.0013052110879459217,0.0190915214698042,"Ttest_relResult(statistic=41.85022198002686, pvalue=1.3891700386277225e-100)","Ttest_relResult(statistic=21.503592295171128, pvalue=8.475529141953959e-54)"
2,1,500,7,10,0.048814301348298984,0.005498701543682083,0.021046854091615507,"Ttest_relResult(statistic=7.151398088834434, pvalue=5.3582260959463954e-05)","Ttest_relResult(statistic=4.018785075689438, pvalue=0.0030235885061550027)"
2,1,500,7,50,0.0649529355949532,0.015449366508097083,0.03598249992189659,"Ttest_relResult(statistic=20.798410773928875, pvalue=5.77471111048621e-26)","Ttest_relResult(statistic=11.674274601880018, pvalue=9.243044579788266e-16)"
2,1,500,7,100,0.06553327759489565,0.01437048964040236,0.03619501933278475,"Ttest_relResult(statistic=31.53546439769003, pvalue=1.9315367108485062e-53)","Ttest_relResult(statistic=16.859249638722925, pvalue=7.394183922685428e-31)"
2,1,500,7,200,0.06364402187383794,0.013677621062936048,0.03516067617319728,"Ttest_relResult(statistic=43.15433400045984, pvalue=5.658313640028787e-103)","Ttest_relResult(statistic=21.952529974518647, pvalue=4.67056720618675e-55)"
1,1,500,14,10,0.028499795926239958,0.00587271806410834,0.014068480553755308,"Ttest_relResult(statistic=7.325684700495698, pvalue=4.440977384862725e-05)","Ttest_relResult(statistic=6.247019928847255, pvalue=0.00015016788270951387)"
1,1,500,14,50,0.026733142144602068,0.004399640527251755,0.014266194377804207,"Ttest_relResult(statistic=14.303225136773852, pvalue=4.0562692956992883e-19)","Ttest_relResult(statistic=8.557064388171733, pvalue=2.7219191189082475e-11)"
1,1,500,14,100,0.027108346324482814,0.0048388681397366325,0.014696554982798298,"Ttest_relResult(statistic=18.94078459862307, pvalue=1.0900526452558055e-34)","Ttest_relResult(statistic=11.52624858356911, pvalue=5.328183413067681e-20)"
1,1,500,14,200,0.03093368162617999,0.006885883878503623,0.01741003498531333,"Ttest_relResult(statistic=30.185479185567246, pvalue=3.268031491296962e-76)","Ttest_relResult(statistic=17.86289107867575, pvalue=3.228756061764304e-43)"
2,1,500,14,10,0.0391097533145787,0.015801053702573942,0.024048265652413657,"Ttest_relResult(statistic=7.49910165945413, pvalue=3.696223640448732e-05)","Ttest_relResult(statistic=6.876735413505199, pvalue=7.252963015368598e-05)"
2,1,500,14,50,0.03732568024494655,0.014315129063364147,0.024460406045298252,"Ttest_relResult(statistic=14.601442628235583, pvalue=1.7816772949767975e-19)","Ttest_relResult(statistic=8.824204485925415, pvalue=1.0794728495068885e-11)"
2,1,500,14,100,0.03770973986847565,0.014760233705511494,0.02494013303996287,"Ttest_relResult(statistic=19.349756621409966, pvalue=2.0530057544423481e-35)","Ttest_relResult(statistic=11.870719171803799, pvalue=9.700586047520526e-21)"
2,1,500,14,200,0.04156925877097421,0.016818472968653055,0.02765623753557809,"Ttest_relResult(statistic=30.7956689846615, pvalue=1.2250129028024145e-77)","Ttest_relResult(statistic=18.20653013363462, pvalue=3.049894946906064e-44)"
1,1,500,28,10,0.026110379648829295,0.013987013603003312,0.01850183161332881,"Ttest_relResult(statistic=3.925859911025488, pvalue=0.0034798525271862025)","Ttest_relResult(statistic=2.2532842562985786, pvalue=0.05073030198119645)"
1,1,500,28,50,0.013202627491387222,0.00022255944324772403,0.006458966445660214,"Ttest_relResult(statistic=9.59847522183462, pvalue=7.707063357461648e-13)","Ttest_relResult(statistic=6.36355029333246, pvalue=6.42408711299268e-08)"
1,1,500,28,100,0.00996860462430606,-0.002140206878123005,0.003543779978264942,"Ttest_relResult(statistic=13.53642502818619, pvalue=2.9733948838670295e-24)","Ttest_relResult(statistic=9.037026549919657, pvalue=1.3762957415563896e-14)"
1,1,500,28,200,0.009031604216703727,-0.0024800347873713937,0.002639297936338069,"Ttest_relResult(statistic=18.95256737789401, pvalue=1.891529992572338e-46)","Ttest_relResult(statistic=11.25768136048485, pvalue=4.565001820207213e-23)"
2,1,500,28,10,0.03252177014743514,0.02018810968032622,0.024880079239531023,"Ttest_relResult(statistic=3.9747122917032596, pvalue=0.003231528120682006)","Ttest_relResult(statistic=2.301543507668251, pvalue=0.046880833448396816)"
2,1,500,28,50,0.019538529530345787,0.006335885671160999,0.01277902147021964,"Ttest_relResult(statistic=9.708146991731413, pvalue=5.331329917734474e-13)","Ttest_relResult(statistic=6.594974489193523, pvalue=2.814455633778945e-08)"
2,1,500,28,100,0.01629136721111757,0.0039637997947035795,0.009830186779726082,"Ttest_relResult(statistic=13.7029343377305, pvalue=1.3450330538980044e-24)","Ttest_relResult(statistic=9.349254492183166, pvalue=2.8748875209337298e-15)"
2,1,500,28,200,0.015357469290230553,0.0036329387853193855,0.008909930173415789,"Ttest_relResult(statistic=19.193140224821757, pvalue=3.7176663395422465e-47)","Ttest_relResult(statistic=11.590826126300493, pvalue=4.506087728158004e-24)"
1,1,500,56,10,-0.0034598104371693474,-0.006559044050088875,-0.005041787920101159,"Ttest_relResult(statistic=1.720236750912828, pvalue=0.11950117374033799)","Ttest_relResult(statistic=1.3883910618914994, pvalue=0.19841760273670908)"
1,1,500,56,50,0.0052006256050133245,0.0006930544857527355,0.0031766469187162706,"Ttest_relResult(statistic=6.199776002321785, pvalue=1.150986278573749e-07)","Ttest_relResult(statistic=5.158426190477901, pvalue=4.483201820472272e-06)"
1,1,500,56,100,0.004170750377201321,-0.0013455096830228713,0.0012494903687372799,"Ttest_relResult(statistic=10.49584402694164, pvalue=9.08730169822733e-18)","Ttest_relResult(statistic=7.436603593162213, pvalue=3.7831166495857206e-11)"
1,1,500,56,200,0.007865209656635784,0.0024768061400373556,0.004758045596414605,"Ttest_relResult(statistic=13.308692746120853, pvalue=2.5342736089965663e-29)","Ttest_relResult(statistic=8.292940007482912, pvalue=1.637602568600796e-14)"
2,1,500,56,10,0.00024290303299116524,-0.0029136669942390224,-0.0014374218095791202,"Ttest_relResult(statistic=1.749156944847388, pvalue=0.11419508756868829)","Ttest_relResult(statistic=1.3234882398611463, pvalue=0.21830552090152724)"
2,1,500,56,50,0.00892834510771221,0.00435960767474885,0.006882584918826144,"Ttest_relResult(statistic=6.268962787680752, pvalue=8.997722899910624e-08)","Ttest_relResult(statistic=5.225997570223404, pvalue=3.548123580384466e-06)"
2,1,500,56,100,0.007899092161173547,0.0023179558661807183,0.004963158206300584,"Ttest_relResult(statistic=10.589033317670888, pvalue=5.69750530295684e-18)","Ttest_relResult(statistic=7.56702349365358, pvalue=2.0062014105537757e-11)"
2,1,500,56,200,0.011609429180940918,0.006157871254321848,0.008479457103587433,"Ttest_relResult(statistic=13.419034507727467, pvalue=1.1600967233042692e-29)","Ttest_relResult(statistic=8.417597157833624, pvalue=7.494154691126004e-15)"
1,1,1000,7,10,0.04808511405325137,-0.009191208205184464,0.01843554268953592,"Ttest_relResult(statistic=14.827344620699364, pvalue=1.247379247582658e-07)","Ttest_relResult(statistic=10.09970195846047, pvalue=3.294427754148645e-06)"
1,1,1000,7,50,0.048653819319394206,-0.0006056618656865642,0.02152977980112089,"Ttest_relResult(statistic=28.328528118499086, pvalue=4.866187282712739e-32)","Ttest_relResult(statistic=16.350824991560064, pvalue=1.7592687206844478e-21)"
1,1,1000,7,100,0.050967759772209915,0.0026077435581210806,0.024581437154280517,"Ttest_relResult(statistic=40.783050374118844, pvalue=1.044328840952166e-63)","Ttest_relResult(statistic=24.115809755331092, pvalue=3.1124223477720305e-43)"
1,1,1000,7,200,0.04972649640192965,0.0029491938101776057,0.023700351791229063,"Ttest_relResult(statistic=57.46758199144781, pvalue=7.028374590779895e-126)","Ttest_relResult(statistic=33.21098997968041, pvalue=4.17528627181994e-83)"
2,1,1000,7,10,0.06538831051544622,0.005809344398328942,0.03532739254413769,"Ttest_relResult(statistic=15.20512919335272, pvalue=1.0025175663595925e-07)","Ttest_relResult(statistic=10.183046354093024, pvalue=3.0761689910405963e-06)"
2,1,1000,7,50,0.06588114281019393,0.014462189022027193,0.037758995812914316,"Ttest_relResult(statistic=29.19226330899262, pvalue=1.2108822360994443e-32)","Ttest_relResult(statistic=16.714405325466103, pvalue=7.032210386140269e-22)"
2,1,1000,7,100,0.06822039300138404,0.017717104889839047,0.04074782776450426,"Ttest_relResult(statistic=42.009673100831954, pvalue=6.51129556469139e-65)","Ttest_relResult(statistic=24.69788476850935, pvalue=4.096211058521555e-44)"
2,1,1000,7,200,0.06696037820778203,0.018048173409884533,0.039797433704083576,"Ttest_relResult(statistic=59.29114962259765, pvalue=1.9737431245480195e-128)","Ttest_relResult(statistic=33.88525874271436, pvalue=1.3910598205982304e-84)"
1,1,1000,14,10,0.017754155621696844,-0.0074188149351175625,0.002911151410088908,"Ttest_relResult(statistic=12.319859716086672, pvalue=6.152229485521219e-07)","Ttest_relResult(statistic=6.424488442367875, pvalue=0.0001217232213656306)"
1,1,1000,14,50,0.02016464549299447,-0.002488921402315836,0.007438992504696495,"Ttest_relResult(statistic=18.993394732739137, pvalue=3.04963314149578e-24)","Ttest_relResult(statistic=11.909108646922189, pvalue=4.469990684454865e-16)"
1,1,1000,14,100,0.02286974223519067,0.00017141194667286974,0.010079342471236685,"Ttest_relResult(statistic=26.976571396398697, pvalue=2.0157554040860336e-47)","Ttest_relResult(statistic=16.587463894161075, pvalue=2.4364409311296458e-30)"
1,1,1000,14,200,0.022774779447860122,-0.00026028241344428215,0.009585277413742814,"Ttest_relResult(statistic=40.16798935457871, pvalue=2.0651585972363954e-97)","Ttest_relResult(statistic=23.980769896527004, pvalue=1.3109651674152402e-60)"
2,1,1000,14,10,0.02824601389521949,0.002358590584427167,0.013357635146414115,"Ttest_relResult(statistic=12.570787138372715, pvalue=5.177980351437288e-07)","Ttest_relResult(statistic=6.651146266933433, pvalue=9.36155827229945e-05)"
2,1,1000,14,50,0.030624368257283388,0.007280915618647491,0.017480032052000376,"Ttest_relResult(statistic=19.394280218538892, pvalue=1.2329153223766527e-24)","Ttest_relResult(statistic=11.845710147070433, pvalue=5.434756904912409e-16)"
2,1,1000,14,100,0.03339298438226129,0.010004267230135769,0.02025506952813374,"Ttest_relResult(statistic=27.54191743770185, pvalue=3.284899804814201e-48)","Ttest_relResult(statistic=16.734639977884367, pvalue=1.2759044246281667e-30)"
2,1,1000,14,200,0.03331725046905695,0.00958563094659808,0.019777278375547446,"Ttest_relResult(statistic=41.00141445542653, pvalue=5.376692500140924e-99)","Ttest_relResult(statistic=24.17349437505054, pvalue=3.996852730812351e-61)"
1,1,1000,28,10,0.019220315646565844,0.009276945088921934,0.013065950402805292,"Ttest_relResult(statistic=7.6034718456142585, pvalue=3.314694047092773e-05)","Ttest_relResult(statistic=4.017541805796079, pvalue=0.0030292556676078937)"
1,1,1000,28,50,0.01326084700759913,0.0007483359945799439,0.006030070580754535,"Ttest_relResult(statistic=13.665863999908261, pvalue=2.4405449744503474e-18)","Ttest_relResult(statistic=7.7690481228845325, pvalue=4.314902796597563e-10)"
1,1,1000,28,100,0.012057918940325683,-0.0003346410214203427,0.00495923312639213,"Ttest_relResult(statistic=21.366219144707472, pvalue=7.348633456094595e-39)","Ttest_relResult(statistic=12.012080528265255, pvalue=4.8344970956994345e-21)"
1,1,1000,28,200,0.010502723049820093,-0.002015694030422774,0.003157215967732704,"Ttest_relResult(statistic=31.524605275733787, pvalue=2.5618032433983486e-79)","Ttest_relResult(statistic=17.894390560812624, pvalue=2.599577522545607e-43)"
2,1,1000,28,10,0.025641873180134812,0.015485291009609737,0.019319365819441842,"Ttest_relResult(statistic=7.717097363628719, pvalue=2.9477385910843086e-05)","Ttest_relResult(statistic=4.298624128614156, pvalue=0.001994672819334255)"
2,1,1000,28,50,0.019612804626216507,0.006873652426608765,0.012230591195363396,"Ttest_relResult(statistic=13.839876586637363, pvalue=1.4878364767988633e-18)","Ttest_relResult(statistic=7.704668736866876, pvalue=5.418262341112569e-10)"
2,1,1000,28,100,0.018400992748344787,0.005787056492853397,0.011134545021716626,"Ttest_relResult(statistic=21.633738664502538, pvalue=2.6586525517175935e-39)","Ttest_relResult(statistic=11.95140272691062, pvalue=6.517606462142045e-21)"
2,1,1000,28,200,0.016831391873941635,0.004090797662109556,0.009333525378549878,"Ttest_relResult(statistic=31.89964886626058, pvalue=3.584647867389313e-80)","Ttest_relResult(statistic=17.820463648416123, pvalue=4.324012739188603e-43)"
1,1,1000,56,10,-0.006708996608920164,-0.012531989308025215,-0.010518693356672304,"Ttest_relResult(statistic=5.182176844266222, pvalue=0.0005776637315393668)","Ttest_relResult(statistic=2.533121251537895, pvalue=0.03207070776978968)"
1,1,1000,56,50,0.002131888334258267,-0.0038249093269027337,-0.0012452721483975793,"Ttest_relResult(statistic=9.858837402433545, pvalue=3.2203923527544393e-13)","Ttest_relResult(statistic=5.841852120370741, pvalue=4.0977453666975487e-07)"
1,1,1000,56,100,0.004345529600203292,-0.002011315532986522,0.0008233706584308448,"Ttest_relResult(statistic=15.278144176045876, pvalue=8.675882574408062e-28)","Ttest_relResult(statistic=9.646727324303942, pvalue=6.453399857457779e-16)"
1,1,1000,56,200,0.0035281246076219784,-0.002565891882987342,8.980683521323141e-05,"Ttest_relResult(statistic=19.806087948973296, pvalue=6.0583426067797765e-49)","Ttest_relResult(statistic=12.288186896155292, pvalue=3.410977852012577e-26)"
2,1,1000,56,10,-0.0030321130758617807,-0.008916327802355146,-0.006903696090964284,"Ttest_relResult(statistic=5.211282350623949, pvalue=0.000555621870227522)","Ttest_relResult(statistic=2.385124870951075, pvalue=0.04088281051111169)"
2,1,1000,56,50,0.005856219610128179,-0.00016529127268256948,0.0024261706555808627,"Ttest_relResult(statistic=9.93073670334996, pvalue=2.534313761202583e-13)","Ttest_relResult(statistic=5.7417461718606235, pvalue=5.835683052393723e-07)"
2,1,1000,56,100,0.00807413068876268,0.0016516553975980575,0.004525272422580693,"Ttest_relResult(statistic=15.381205353190454, pvalue=5.421193291378553e-28)","Ttest_relResult(statistic=9.698031105555954, pvalue=4.987102838531513e-16)"
2,1,1000,56,200,0.007255120219988984,0.001096067188770201,0.003762291296862502,"Ttest_relResult(statistic=19.94696542707821, pvalue=2.3658077222053666e-49)","Ttest_relResult(statistic=12.241983980347504, pvalue=4.72004861999348e-26)"
1,1,2000,7,10,0.04582096678251816,0.0015577739261750877,0.01788205194116451,"Ttest_relResult(statistic=18.391039427877075, pvalue=1.8999777398925416e-08)","Ttest_relResult(statistic=7.033421837664253, pvalue=6.096029759016521e-05)"
1,1,2000,7,50,0.04966676073118727,0.0026921737484704744,0.022706237882748583,"Ttest_relResult(statistic=41.75339518908577, pvalue=5.7726475082587125e-40)","Ttest_relResult(statistic=20.172715187649672, pvalue=2.212571764368336e-25)"
1,1,2000,7,100,0.04550599425728122,-0.0018409617099412222,0.018654453839167254,"Ttest_relResult(statistic=60.2480835245388, pvalue=7.940391363903153e-80)","Ttest_relResult(statistic=29.26087035672993, pvalue=1.5689031943150621e-50)"
1,1,2000,7,200,0.04713156230485747,0.00033801888342604503,0.019844705906629644,"Ttest_relResult(statistic=84.03445663008738, pvalue=2.1180081385661944e-157)","Ttest_relResult(statistic=36.357493682575026, pvalue=7.94123753969198e-90)"
2,1,2000,7,10,0.06302809847690889,0.0166375818236294,0.03441284113080043,"Ttest_relResult(statistic=19.061478496349256, pvalue=1.386698800177729e-08)","Ttest_relResult(statistic=7.282061388008951, pvalue=4.6532141599479464e-05)"
2,1,2000,7,50,0.06690534010238346,0.017779530456435683,0.03862693674067372,"Ttest_relResult(statistic=43.029498714736086, pvalue=1.3721541970251465e-40)","Ttest_relResult(statistic=20.216660817978372, pvalue=2.0112182506127156e-25)"
2,1,2000,7,100,0.06268254864212439,0.01318896369988648,0.034720500758902956,"Ttest_relResult(statistic=62.066014126319246, pvalue=4.511648342056299e-81)","Ttest_relResult(statistic=29.17092787458522, pvalue=2.062235554955858e-50)"
2,1,2000,7,200,0.06433332026828671,0.015401707798702938,0.0357574559399447,"Ttest_relResult(statistic=86.669823103281, pvalue=5.3440429933111384e-160)","Ttest_relResult(statistic=36.55761530944224, pvalue=3.0687335704710305e-90)"
1,1,2000,14,10,0.019700639076795524,-0.004876676725791207,0.005908456827872643,"Ttest_relResult(statistic=11.636843411874253, pvalue=9.999552178755475e-07)","Ttest_relResult(statistic=8.71606630081459, pvalue=1.1089536952535806e-05)"
1,1,2000,14,50,0.022608783292120606,-0.0014153218190280548,0.008456992094334658,"Ttest_relResult(statistic=29.978204154142347, pvalue=3.524848852922249e-33)","Ttest_relResult(statistic=15.734946138247894, pvalue=8.593907674035393e-21)"
1,1,2000,14,100,0.019868658179799974,-0.004056518332511998,0.006087215024997095,"Ttest_relResult(statistic=45.291798281795394, pvalue=5.4679222659553156e-68)","Ttest_relResult(statistic=23.023584825263438, pvalue=1.5389440380365727e-41)"
1,1,2000,14,200,0.021460208578975695,-0.0023837025527212994,0.007635552879310203,"Ttest_relResult(statistic=65.11336625131378, pvalue=3.9379045217270755e-136)","Ttest_relResult(statistic=33.09712758502881, pvalue=7.45119064958197e-83)"
2,1,2000,14,10,0.03020739722869118,0.004921199807435617,0.016283723675716937,"Ttest_relResult(statistic=11.847052113683398, pvalue=8.588289096808155e-07)","Ttest_relResult(statistic=8.649494111549762, pvalue=1.1802433188447234e-05)"
2,1,2000,14,50,0.03316338805517356,0.008441238667756732,0.01874845063984687,"Ttest_relResult(statistic=30.55545518112142, pvalue=1.4503517372774598e-33)","Ttest_relResult(statistic=16.06276780757904, pvalue=3.675032289448175e-21)"
2,1,2000,14,100,0.030375768865230877,0.005753693755710939,0.016219477973101196,"Ttest_relResult(statistic=46.18885364098808, pvalue=8.556684091699755e-69)","Ttest_relResult(statistic=23.784162399803304, pvalue=1.0039415698024456e-42)"
2,1,2000,14,200,0.031984734373122145,0.007437693717748558,0.017764029533971635,"Ttest_relResult(statistic=66.44270772553516, pvalue=8.414709182562287e-138)","Ttest_relResult(statistic=33.37834115713121, pvalue=1.786774080109813e-83)"
1,1,2000,28,10,0.019483134274913827,0.007111371045582732,0.012888516872060002,"Ttest_relResult(statistic=12.086603570478184, pvalue=7.242211878600094e-07)","Ttest_relResult(statistic=7.289169767553826, pvalue=4.617886084932135e-05)"
1,1,2000,28,50,0.008174889840414675,-0.0034244189410526284,0.0014932364473928105,"Ttest_relResult(statistic=21.53476621871758, pvalue=1.2380463639885889e-26)","Ttest_relResult(statistic=12.499072200214465, pvalue=7.435356218931171e-17)"
1,1,2000,28,100,0.008749448072824247,-0.0026941876234230873,0.0019851432878691543,"Ttest_relResult(statistic=29.42388115163813, pvalue=9.57473967404175e-51)","Ttest_relResult(statistic=15.836795556575604, pvalue=6.889690387769937e-29)"
1,1,2000,28,200,0.009996579201645624,-0.001455109998015412,0.0033437159483022793,"Ttest_relResult(statistic=40.93249454201031, pvalue=7.253941892649284e-99)","Ttest_relResult(statistic=23.011014318770567, pvalue=5.548540531076192e-58)"
2,1,2000,28,10,0.025907804433072435,0.013312753192969646,0.01908819027589111,"Ttest_relResult(statistic=12.216615507136114, pvalue=6.610549689973538e-07)","Ttest_relResult(statistic=7.7376633498811715, pvalue=2.8862070818831047e-05)"
2,1,2000,28,50,0.014480850560781135,0.002662449235037745,0.007611213990279618,"Ttest_relResult(statistic=21.82867937695954, pvalue=6.775787222666874e-27)","Ttest_relResult(statistic=12.856760770089844, pvalue=2.561277041732801e-17)"
2,1,2000,28,100,0.01505448040050082,0.003392517631838125,0.008142190308417886,"Ttest_relResult(statistic=29.814353026058722, pvalue=2.959527629070634e-51)","Ttest_relResult(statistic=15.836992904621908, pvalue=6.883575372154966e-29)"
2,1,2000,28,200,0.01631254844699695,0.004643235931654177,0.009560129792757865,"Ttest_relResult(statistic=41.48032862720033, pvalue=6.784194720386922e-100)","Ttest_relResult(statistic=23.592267307961045, pvalue=1.4577645363056184e-59)"
1,1,2000,56,10,0.0054534240656328396,-0.0030463931512551613,0.0012813932418844487,"Ttest_relResult(statistic=10.179056874929975, pvalue=3.086245273629897e-06)","Ttest_relResult(statistic=7.988124953807295, pvalue=2.239903600712284e-05)"
1,1,2000,56,50,0.008246877929730782,0.0014797647645960843,0.0046340050972428085,"Ttest_relResult(statistic=15.866529804020326, pvalue=6.102144856513252e-21)","Ttest_relResult(statistic=10.96366386820898, pvalue=8.696409934943827e-15)"
1,1,2000,56,100,0.008337422826491012,0.0019310037594572527,0.004753881210381292,"Ttest_relResult(statistic=21.275552977661636, pvalue=1.0391222375793574e-38)","Ttest_relResult(statistic=14.035894550365935, pvalue=2.778710560782901e-25)"
1,1,2000,56,200,0.006291285318869589,0.00011705830628255809,0.0027101114315124207,"Ttest_relResult(statistic=30.26447248266438, pvalue=2.1311564406561024e-76)","Ttest_relResult(statistic=18.685638602770617, pvalue=1.1583327325277631e-45)"
2,1,2000,56,10,0.009191286156541167,0.0006138643807589772,0.00498051056074057,"Ttest_relResult(statistic=10.235103993017486, pvalue=2.9479579192526703e-06)","Ttest_relResult(statistic=8.010470992136614, pvalue=2.1904673531082648e-05)"
2,1,2000,56,50,0.011991534184114184,0.005154126588272491,0.008334625127777629,"Ttest_relResult(statistic=15.969993672499966, pvalue=4.668127454046315e-21)","Ttest_relResult(statistic=10.990864062620535, pvalue=7.971845280043885e-15)"
2,1,2000,56,100,0.012083098047694878,0.005608392178139252,0.008482118778796755,"Ttest_relResult(statistic=21.41997558698171, pvalue=5.986778231291235e-39)","Ttest_relResult(statistic=14.10661588983787, pvalue=1.991021850470946e-25)"
2,1,2000,56,200,0.01002951723036007,0.0037885898777745863,0.006426024711538697,"Ttest_relResult(statistic=30.471838385972944, pvalue=6.961360659138547e-77)","Ttest_relResult(statistic=18.7437446872607, pvalue=7.80262268618057e-46)"
1,42,500,7,10,0.05145892353411082,0.006971625347246479,0.027244789336581855,"Ttest_relResult(statistic=12.51714203546025, pvalue=5.370976270356033e-07)","Ttest_relResult(statistic=7.243941970811219, pvalue=4.847782515862855e-05)"
1,42,500,7,50,0.05266546353120229,0.008054325142663117,0.028367255106092216,"Ttest_relResult(statistic=22.1693656467304, pvalue=3.397082043816366e-27)","Ttest_relResult(statistic=13.582112774579132, pvalue=3.1010837447715623e-18)"
1,42,500,7,100,0.04988406536484307,0.00362896420409641,0.024559419637907653,"Ttest_relResult(statistic=30.56298412379831, pvalue=3.2242172567017372e-52)","Ttest_relResult(statistic=17.06052297608499, pvalue=3.0761439589510754e-31)"
1,42,500,7,200,0.0498641331997848,0.0030949273967490654,0.02389082327597004,"Ttest_relResult(statistic=43.64214600889943, pvalue=7.474980519040768e-104)","Ttest_relResult(statistic=24.508559410056293, pvalue=5.124794888406876e-62)"
2,42,500,7,10,0.06860021335796543,0.021951058579127825,0.042973657857934486,"Ttest_relResult(statistic=12.96435059429098, pvalue=3.9756082110065534e-07)","Ttest_relResult(statistic=7.08404897879037, pvalue=5.7666235384036765e-05)"
2,42,500,7,50,0.06992145844804287,0.02321026456738059,0.04455687517308144,"Ttest_relResult(statistic=22.92321649700696, pvalue=7.601122450414976e-28)","Ttest_relResult(statistic=13.995404044787355, pvalue=9.590213327037283e-19)"
2,42,500,7,100,0.06710486025985979,0.018739544528894876,0.040574056133458596,"Ttest_relResult(statistic=31.492659719729133, pvalue=2.1830347323929574e-53)","Ttest_relResult(statistic=17.47531067865154, pvalue=5.130089083010457e-32)"
2,42,500,7,200,0.06707998354302408,0.01818103911806163,0.039933003606925546,"Ttest_relResult(statistic=44.98060984705904, pvalue=3.176954906142462e-106)","Ttest_relResult(statistic=25.16780938952848, pvalue=9.386206024347426e-64)"
1,42,500,14,10,0.022020732961409252,-0.010183825300186817,0.004991611264868506,"Ttest_relResult(statistic=15.691187715814065, pvalue=7.623734949714164e-08)","Ttest_relResult(statistic=9.919282962097048, pvalue=3.827790236465726e-06)"
1,42,500,14,50,0.01898228526216401,-0.008510068107707373,0.003218231219887868,"Ttest_relResult(statistic=19.136188586345263, pvalue=2.2050783923281742e-24)","Ttest_relResult(statistic=11.61568230851723, pvalue=1.1092208361001312e-15)"
1,42,500,14,100,0.020908448743512404,-0.003957402371407184,0.006036565866468688,"Ttest_relResult(statistic=19.328699119770278, pvalue=2.2361632753115748e-35)","Ttest_relResult(statistic=11.813630617272834, pvalue=1.2856850990633189e-20)"
1,42,500,14,200,0.022735068849416874,-0.0009800974089783996,0.008432586759567566,"Ttest_relResult(statistic=26.45144906527554, pvalue=4.549093692865751e-67)","Ttest_relResult(statistic=14.996514307893456, pvalue=1.6268642700626468e-34)"
2,42,500,14,10,0.03251395135472229,-0.00045641567651353296,0.015349150203584423,"Ttest_relResult(statistic=15.924491072753682, pvalue=6.703541541278019e-08)","Ttest_relResult(statistic=10.241021946617783, pvalue=2.933759762144533e-06)"
2,42,500,14,50,0.029444197043068155,0.0012195515928380563,0.01335537309990899,"Ttest_relResult(statistic=19.4799800056733, pvalue=1.017812934199039e-24)","Ttest_relResult(statistic=11.95816176200726, pvalue=3.8440798405362964e-16)"
2,42,500,14,100,0.031408190391312214,0.005829981298916297,0.016201724634052218,"Ttest_relResult(statistic=19.710559908466237, pvalue=4.787999577459628e-36)","Ttest_relResult(statistic=12.137002496623717, pvalue=2.6161696792086198e-21)"
2,42,500,14,200,0.03326120624505243,0.008847899811896315,0.01862911532683138,"Ttest_relResult(statistic=26.993455039323358, pvalue=1.928095652530526e-68)","Ttest_relResult(statistic=15.346067711139314, pvalue=1.376825488341411e-35)"
1,42,500,28,10,0.035251136113420525,0.02584744333194519,0.028712028485270723,"Ttest_relResult(statistic=3.7940950308658974, pvalue=0.004255791098135833)","Ttest_relResult(statistic=1.5489066544023686, pvalue=0.15581288848676153)"
1,42,500,28,50,0.012414072382020813,0.0017815079489332353,0.006275554294824717,"Ttest_relResult(statistic=9.33305359453131, pvalue=1.8909953780276883e-12)","Ttest_relResult(statistic=5.766764292539695, pvalue=5.3425940045477e-07)"
1,42,500,28,100,0.010431411311063763,-8.869455690226846e-05,0.004093045380082095,"Ttest_relResult(statistic=13.243655141737161, pvalue=1.2083095027987567e-23)","Ttest_relResult(statistic=7.664886910329192, pvalue=1.2443004176296765e-11)"
1,42,500,28,200,0.011082711244129182,-0.0008682596246106922,0.004152432409827112,"Ttest_relResult(statistic=19.317139504957126, pvalue=1.6111645597940118e-47)","Ttest_relResult(statistic=11.65186098897366, pvalue=2.944193128285747e-24)"
2,42,500,28,10,0.0417702335218093,0.03215774934750333,0.03510888691198956,"Ttest_relResult(statistic=3.8508596741064007, pvalue=0.0039011840286109277)","Ttest_relResult(statistic=1.6216971762561088, pvalue=0.13931812439512076)"
2,42,500,28,50,0.018753756922331628,0.00790958264264479,0.012468546179232633,"Ttest_relResult(statistic=9.462456790942584, pvalue=1.219606081948421e-12)","Ttest_relResult(statistic=5.828735594499768, pvalue=4.292239659266887e-07)"
2,42,500,28,100,0.016759676376541896,0.006030307071654286,0.01029358702208405,"Ttest_relResult(statistic=13.432659611588532, pvalue=4.882199407090018e-24)","Ttest_relResult(statistic=7.745283073107869, pvalue=8.395685314942409e-12)"
2,42,500,28,200,0.017412554679864415,0.005238594891727482,0.010347208878386298,"Ttest_relResult(statistic=19.564040030016287, pvalue=3.063716305712713e-48)","Ttest_relResult(statistic=11.706094520715027, pvalue=2.016449425288191e-24)"
1,42,500,56,10,-0.007703959211084982,-0.014899575014126646,-0.011951986191779767,"Ttest_relResult(statistic=3.9948744389732656, pvalue=0.003134579411640049)","Ttest_relResult(statistic=2.0917561921524537, pvalue=0.06599508613310624)"
1,42,500,56,50,0.002703702629180458,-0.004245539322073926,-0.0013726782830053574,"Ttest_relResult(statistic=9.346794605041374, pvalue=1.8047901960215352e-12)","Ttest_relResult(statistic=5.187445822839607, pvalue=4.055048912874085e-06)"
1,42,500,56,100,0.0051410872792409966,-0.0012606551698452803,0.0013562230517886725,"Ttest_relResult(statistic=11.39458423069525, pvalue=1.0240117726358509e-19)","Ttest_relResult(statistic=6.376128748391111, pvalue=5.81734671171211e-09)"
1,42,500,56,200,0.005093428446849449,-0.0010316305905159564,0.0015193799975736486,"Ttest_relResult(statistic=14.854540828945156, pvalue=4.440893784546456e-34)","Ttest_relResult(statistic=8.604224874945656, pvalue=2.3028224414325956e-15)"
2,42,500,56,10,-0.004044622081280119,-0.011316574244255945,-0.008314599643893084,"Ttest_relResult(statistic=4.018724077063142, pvalue=0.003023866291876583)","Ttest_relResult(statistic=2.1627552709153757, pvalue=0.05880311160884793)"
2,42,500,56,50,0.006411872279857221,-0.0006066400967327101,0.0022987890248965005,"Ttest_relResult(statistic=9.407779362667195, pvalue=1.4675806519414745e-12)","Ttest_relResult(statistic=5.260353400779065, pvalue=3.149437496572581e-06)"
2,42,500,56,100,0.008869606726497937,0.002398978039609317,0.005062590429528815,"Ttest_relResult(statistic=11.477125266741622, pvalue=6.797930064150086e-20)","Ttest_relResult(statistic=6.5415298396034505, pvalue=2.6975402269186742e-09)"
2,42,500,56,200,0.008819423792805698,0.0026278231787955774,0.005220817226065917,"Ttest_relResult(statistic=14.961790997827089, pvalue=2.0796506134225164e-34)","Ttest_relResult(statistic=8.762092243442062, pvalue=8.413753706619223e-16)"
1,42,1000,7,10,0.03652233854140617,-0.012073676437021341,0.002592175737127744,"Ttest_relResult(statistic=24.523878470979888, pvalue=1.4933985204534388e-09)","Ttest_relResult(statistic=7.845124506536747, pvalue=2.586771803996051e-05)"
1,42,1000,7,50,0.043609173069150395,-0.004572213235213982,0.014292028158663652,"Ttest_relResult(statistic=33.30993274513761, pvalue=2.5557123651201024e-35)","Ttest_relResult(statistic=14.895025401012967, pvalue=8.009066335481793e-20)"
1,42,1000,7,100,0.04699100093586992,-0.002095596126023086,0.01821336041940472,"Ttest_relResult(statistic=50.107134845422934, pvalue=3.747630015711781e-72)","Ttest_relResult(statistic=22.745387026615308, pvalue=4.2425021121753787e-41)"
1,42,1000,7,200,0.04600115111933054,-0.0021614642133168287,0.017618256160835212,"Ttest_relResult(statistic=68.63709484731743, pvalue=1.7127203475733507e-140)","Ttest_relResult(statistic=32.69082425461489, pvalue=5.952901315555545e-82)"
2,42,1000,7,10,0.05352717853273773,0.0028071631482262547,0.017932527397181895,"Ttest_relResult(statistic=25.358435228481248, pvalue=1.109361284175943e-09)","Ttest_relResult(statistic=6.803566291200469, pvalue=7.873700130412378e-05)"
2,42,1000,7,50,0.060741526920405804,0.010397650020097,0.029926408625603917,"Ttest_relResult(statistic=34.381704219002785, pvalue=5.7636456840739684e-36)","Ttest_relResult(statistic=14.884485442077448, pvalue=8.240849139469989e-20)"
2,42,1000,7,100,0.06419409914177365,0.012939098161635552,0.033987311512085755,"Ttest_relResult(statistic=51.6458011426793, pvalue=2.0931252843648264e-73)","Ttest_relResult(statistic=22.752878877050772, pvalue=4.127755404962027e-41)"
2,42,1000,7,200,0.06316295688745975,0.012841804051552476,0.033436861026791574,"Ttest_relResult(statistic=70.80930167682656, pvalue=4.429362343193726e-143)","Ttest_relResult(statistic=33.120215051573666, pvalue=6.624809254828381e-83)"
1,42,1000,14,10,0.024994146128098516,-0.0010910097964718702,0.010173525290636498,"Ttest_relResult(statistic=10.703462984705867, pvalue=2.0263733534303838e-06)","Ttest_relResult(statistic=5.433569466631278, pvalue=0.0004144389681350472)"
1,42,1000,14,50,0.022183007333546657,-0.0015598237529083027,0.008354925393041756,"Ttest_relResult(statistic=21.16857596850816, pvalue=2.6483869711400155e-26)","Ttest_relResult(statistic=11.133430028077068, pvalue=5.060634198949097e-15)"
1,42,1000,14,100,0.021090313344171187,-0.0029300009928534755,0.006768365384933909,"Ttest_relResult(statistic=28.753901203489082, pvalue=7.391264092122291e-50)","Ttest_relResult(statistic=15.518896623609233, pvalue=2.898327213690072e-28)"
1,42,1000,14,200,0.022971131969324484,-0.0005485732395498161,0.009238394256155079,"Ttest_relResult(statistic=39.664110560198466, pvalue=1.929332529202728e-96)","Ttest_relResult(statistic=23.440631132059433, pvalue=3.7516869616866326e-59)"
2,42,1000,14,10,0.03549344520565214,0.008676004048532393,0.020667596218436522,"Ttest_relResult(statistic=10.946583515553721, pvalue=1.6773755694561103e-06)","Ttest_relResult(statistic=5.612799889454952, pvalue=0.00032884377844032587)"
2,42,1000,14,50,0.03268202603159588,0.008229425712941269,0.01860821425394895,"Ttest_relResult(statistic=21.611414281365104, pvalue=1.0572803221314181e-26)","Ttest_relResult(statistic=11.735131586420124, pvalue=7.651639595712442e-16)"
2,42,1000,14,100,0.03159251693720402,0.006867044262368987,0.016959042040094286,"Ttest_relResult(statistic=29.34074269887496, pvalue=1.2313786568702372e-50)","Ttest_relResult(statistic=16.023030171794296, pvalue=2.986949056459545e-29)"
2,42,1000,14,200,0.03351498956344466,0.009300916096395306,0.019338919988933004,"Ttest_relResult(statistic=40.46611941345771, pvalue=5.562029350566948e-98)","Ttest_relResult(statistic=23.91048892647075, pvalue=2.0240473837420733e-60)"
1,42,1000,28,10,0.011818648742043558,0.0008729772579853911,0.004871603901813853,"Ttest_relResult(statistic=6.049541453480857, pvalue=0.00019059298917010185)","Ttest_relResult(statistic=3.09786425399568, pvalue=0.0127663801770905)"
1,42,1000,28,50,0.014917656345019984,0.002680375472615226,0.007723521870336309,"Ttest_relResult(statistic=15.209063110073332, pvalue=3.4435557798717804e-20)","Ttest_relResult(statistic=9.634019593525496, pvalue=6.838332947681907e-13)"
1,42,1000,28,100,0.01375118796468235,0.0011349567271074401,0.006540658234304462,"Ttest_relResult(statistic=23.003663090452196, pvalue=1.654390241307703e-41)","Ttest_relResult(statistic=13.825101589114677, pvalue=7.530233986537554e-25)"
1,42,1000,28,200,0.012925130217757794,0.0008842798629714177,0.006156276844579628,"Ttest_relResult(statistic=29.34737883125003, pvalue=3.188643789058051e-74)","Ttest_relResult(statistic=17.678587770792316, pvalue=1.1497125160427717e-42)"
2,42,1000,28,10,0.018124567620814824,0.006959026048069172,0.010958386008324666,"Ttest_relResult(statistic=6.125229890516, pvalue=0.00017384764284007406)","Ttest_relResult(statistic=2.854102860907897, pvalue=0.018961870420325926)"
2,42,1000,28,50,0.021275688373032585,0.008816569507377702,0.013812923576710635,"Ttest_relResult(statistic=15.390169037470638, pvalue=2.1274484036019774e-20)","Ttest_relResult(statistic=9.141116773913764, pvalue=3.6363589617557017e-12)"
2,42,1000,28,100,0.020105617724731014,0.007267123979615907,0.01269449956841346,"Ttest_relResult(statistic=23.273996002752003, pvalue=6.222060257501097e-42)","Ttest_relResult(statistic=13.55724664363519, pvalue=2.692147956501078e-24)"
2,42,1000,28,200,0.01926789974985569,0.007008912184101197,0.012333802994456255,"Ttest_relResult(statistic=29.702532037883813, pvalue=4.531739884890449e-75)","Ttest_relResult(statistic=17.597604821954715, pvalue=2.0107591044279467e-42)"
1,42,1000,56,10,0.00010670972166380577,-0.005751382129977794,-0.0030526894672016245,"Ttest_relResult(statistic=4.673387718695752, pvalue=0.0011630119002191384)","Ttest_relResult(statistic=2.3437895906824697, pvalue=0.043747886048463976)"
1,42,1000,56,50,0.0006332239304157949,-0.005240108291607048,-0.0025684733285390093,"Ttest_relResult(statistic=8.836814666131202, pvalue=1.0335340844470813e-11)","Ttest_relResult(statistic=5.615267235964539, pvalue=9.110314325763071e-07)"
1,42,1000,56,100,0.004548412799786664,-0.0011251068357068018,0.001395381906188732,"Ttest_relResult(statistic=12.666515037706874, pvalue=1.967146218538141e-22)","Ttest_relResult(statistic=7.947439618013369, pvalue=3.1100009151695893e-12)"
1,42,1000,56,200,0.007125415622057734,0.0012224798878247398,0.0038671732100683366,"Ttest_relResult(statistic=18.96861595280446, pvalue=1.696670175053662e-46)","Ttest_relResult(statistic=12.076711806521386, pvalue=1.5065561596963244e-25)"
2,42,1000,56,10,0.0038310388008526764,-0.0020906160611690538,0.0007387581624219763,"Ttest_relResult(statistic=4.706824026947627, pvalue=0.0011094598780588376)","Ttest_relResult(statistic=2.4519917657010373, pvalue=0.036636815887593904)"
2,42,1000,56,50,0.004358046896117721,-0.0015777774217215512,0.001156392167034217,"Ttest_relResult(statistic=8.902689243388926, pvalue=8.237055884621651e-12)","Ttest_relResult(statistic=5.802939642169436, pvalue=4.701900410919043e-07)"
2,42,1000,56,100,0.008282295621415518,0.0025458325991390023,0.005100351550040283,"Ttest_relResult(statistic=12.766290081847217, pvalue=1.2115436079629034e-22)","Ttest_relResult(statistic=8.03821534773013, pvalue=1.9878685793223952e-12)"
2,42,1000,56,200,0.010868839698374261,0.004900917139114463,0.007579439106151962,"Ttest_relResult(statistic=19.114147211667827, pvalue=6.3383042921887925e-47)","Ttest_relResult(statistic=12.200753840279656, pvalue=6.306285034415002e-26)"
1,42,2000,7,10,0.0474111251138807,0.001571953192964526,0.02067202009483419,"Ttest_relResult(statistic=18.683404033196762, pvalue=1.6539865451969254e-08)","Ttest_relResult(statistic=9.375810158368077, pvalue=6.102317056762117e-06)"
1,42,2000,7,50,0.046557492506857034,0.0007978785880953754,0.01980764903167522,"Ttest_relResult(statistic=44.70133124881162, pvalue=2.2182416800093665e-41)","Ttest_relResult(statistic=22.87384257357237, pvalue=8.373708438483893e-28)"
1,42,2000,7,100,0.047039883648387563,0.0007977459399629339,0.02000215902055387,"Ttest_relResult(statistic=68.00885659951274, pvalue=6.489397050226244e-85)","Ttest_relResult(statistic=31.334826703811792, pvalue=3.4322709184234827e-53)"
1,42,2000,7,200,0.04770807669405579,0.0004950626117526624,0.020727433408349566,"Ttest_relResult(statistic=88.95086671967894, pvalue=3.4587417021299435e-162)","Ttest_relResult(statistic=41.95018041117943, pvalue=9.067021696704982e-101)"
2,42,2000,7,10,0.06458617752722709,0.016564103225673265,0.03665940844232104,"Ttest_relResult(statistic=19.30462722243309, pvalue=1.2402644428170795e-08)","Ttest_relResult(statistic=9.257788405246732, pvalue=6.772888856029448e-06)"
2,42,2000,7,50,0.06374200847488402,0.015860882686974026,0.03576310630833615,"Ttest_relResult(statistic=46.260324483626505, pvalue=4.295806569737978e-42)","Ttest_relResult(statistic=22.15161871730218, pvalue=3.520725932529113e-27)"
2,42,2000,7,100,0.06422330952572042,0.015844996193860997,0.035971172544130355,"Ttest_relResult(statistic=70.32004478267983, pvalue=2.5363495868035783e-86)","Ttest_relResult(statistic=30.792540648187213, pvalue=1.6482290767262962e-52)"
2,42,2000,7,200,0.06490959939113222,0.015550552365781551,0.03685498344614144,"Ttest_relResult(statistic=91.7365334397407, pvalue=8.650100599740499e-165)","Ttest_relResult(statistic=41.60645670397669, pvalue=3.94548594311128e-100)"
1,42,2000,14,10,0.034112579058624234,0.010587724789713749,0.020655869526228172,"Ttest_relResult(statistic=14.36293391801622, pvalue=1.6435854463884462e-07)","Ttest_relResult(statistic=7.288616596763713, pvalue=4.620624737794921e-05)"
1,42,2000,14,50,0.027765186001313724,0.003404165438804635,0.014182144407950728,"Ttest_relResult(statistic=35.248849572405895, pvalue=1.7816995841785737e-36)","Ttest_relResult(statistic=19.914541685367833, pvalue=3.888548691590863e-25)"
1,42,2000,14,100,0.02435092759295214,0.0006595606549362293,0.010930662164656085,"Ttest_relResult(statistic=47.13654214510083, pvalue=1.249335854610544e-69)","Ttest_relResult(statistic=26.61038186981115, pvalue=6.630558057210516e-47)"
1,42,2000,14,200,0.02486952977254159,0.0016681496954974702,0.011703162429236653,"Ttest_relResult(statistic=60.425774195039196, pvalue=5.531399315067005e-130)","Ttest_relResult(statistic=35.81466321643425, pvalue=1.0677584425303131e-88)"
2,42,2000,14,10,0.044769265978740855,0.020549756002845237,0.03063929162183271,"Ttest_relResult(statistic=14.634968271204025, pvalue=1.396991658954099e-07)","Ttest_relResult(statistic=7.767154002773468, pvalue=2.8004176081878616e-05)"
2,42,2000,14,50,0.038356673659051294,0.01329050849594339,0.024398380974095822,"Ttest_relResult(statistic=35.963518674350105, pvalue=6.906787846165359e-37)","Ttest_relResult(statistic=19.93447202835926, pvalue=3.7221508490352772e-25)"
2,42,2000,14,100,0.03489842017101652,0.010506250416414405,0.021082221381187035,"Ttest_relResult(statistic=48.09634933093665, pvalue=1.8445937270149928e-70)","Ttest_relResult(statistic=26.081480085521587, pvalue=3.784626406303234e-46)"
2,42,2000,14,200,0.03541682046134641,0.01151702457443831,0.021810846666834673,"Ttest_relResult(statistic=61.71910458874356, pvalue=1.0111465943266581e-131)","Ttest_relResult(statistic=35.138220479191915, pvalue=2.8347532455453805e-87)"
1,42,2000,28,10,0.010247483092176334,0.0004678800095821556,0.004246167493761494,"Ttest_relResult(statistic=7.690211957108595, pvalue=3.0303562886804053e-05)","Ttest_relResult(statistic=4.04430408605291, pvalue=0.0029097174349678764)"
1,42,2000,28,50,0.009076530206929057,-0.0027439643193859086,0.002272817493033249,"Ttest_relResult(statistic=20.54586340105373, pvalue=9.892115967316968e-26)","Ttest_relResult(statistic=11.636147359100304, pvalue=1.0407159896234343e-15)"
1,42,2000,28,100,0.01046910971405902,-0.0016532376793672733,0.0035778108339292215,"Ttest_relResult(statistic=28.26305140295796, pvalue=3.3838828020043305e-49)","Ttest_relResult(statistic=17.44205892405524, pvalue=5.917448883025598e-32)"
1,42,2000,28,200,0.010653145555826315,-0.0013562430409305012,0.003734819841640285,"Ttest_relResult(statistic=43.11937564286606, pvalue=6.546256955742446e-103)","Ttest_relResult(statistic=25.78620748422928, pvalue=2.314808899954299e-65)"
2,42,2000,28,10,0.016580851557736566,0.006595980636024906,0.010333779547888866,"Ttest_relResult(statistic=7.825313857073741, pvalue=2.639306524910817e-05)","Ttest_relResult(statistic=3.859169827278547, pvalue=0.003851949483314657)"
2,42,2000,28,50,0.015388146344594986,0.0033487733022843193,0.008515456152146784,"Ttest_relResult(statistic=20.81222611067221, pvalue=5.608004186393169e-26)","Ttest_relResult(statistic=11.867640052306978, pvalue=5.079212555656021e-16)"
2,42,2000,28,100,0.01679847908130536,0.004456384134912616,0.009825327628371742,"Ttest_relResult(statistic=28.62202250379295, pvalue=1.1100813978466649e-49)","Ttest_relResult(statistic=17.785382279193964, pvalue=1.3640133738279602e-32)"
2,42,2000,28,200,0.016983834255807295,0.004754579204761854,0.009950087960184033,"Ttest_relResult(statistic=43.664735644878874, pvalue=6.809183459390474e-104)","Ttest_relResult(statistic=25.82995279408037, pvalue=1.7846603104126722e-65)"
1,42,2000,56,10,0.0021765316196777794,-0.0043889617477906985,-0.001854706507552556,"Ttest_relResult(statistic=6.451427774862639, pvalue=0.00011794459980047323)","Ttest_relResult(statistic=3.418503166968591, pvalue=0.007646018650070781)"
1,42,2000,56,50,0.002707053387100363,-0.0030762733675660935,-0.0005246865007966351,"Ttest_relResult(statistic=12.937424231095434, pvalue=2.0186415121625662e-17)","Ttest_relResult(statistic=8.465246235272675, pvalue=3.7461926989660165e-11)"
1,42,2000,56,100,0.005515768013179303,-0.00026110992607602303,0.0022954304629621202,"Ttest_relResult(statistic=17.426551355718765, pvalue=6.325206046583658e-32)","Ttest_relResult(statistic=11.116698157582636, pvalue=4.0803508847166444e-19)"
1,42,2000,56,200,0.0040858299345520235,-0.0017744306321135362,0.0007182363338617984,"Ttest_relResult(statistic=26.312335500605464, pvalue=1.0299657408919646e-66)","Ttest_relResult(statistic=16.23179680405017, pvalue=2.7069375665963985e-38)"
2,42,2000,56,10,0.005906855664869137,-0.0007266489515651952,0.0018729133621249062,"Ttest_relResult(statistic=6.503757555936441, pvalue=0.00011096492290884126)","Ttest_relResult(statistic=3.6738303473114255, pvalue=0.005124286515510937)"
2,42,2000,56,50,0.006431225776921897,0.0005818092294188581,0.0031826373916788043,"Ttest_relResult(statistic=13.044727252191556, pvalue=1.4725531851244222e-17)","Ttest_relResult(statistic=8.579151472985279, pvalue=2.520902565361002e-11)"
2,42,2000,56,100,0.009248523007540383,0.0034058402704422834,0.006005023286910598,"Ttest_relResult(statistic=17.566440891831085, pvalue=3.4713054109703294e-32)","Ttest_relResult(statistic=11.323249338734355, pvalue=1.459594582896756e-19)"
2,42,2000,56,200,0.007813034421090704,0.0018869064010862313,0.004420683295712467,"Ttest_relResult(statistic=26.521127860595428, pvalue=3.0238276342794956e-67)","Ttest_relResult(statistic=16.57436604186242, pvalue=2.461236322860818e-39)"
1,420,500,7,10,0.04621497070124468,-0.008467255172798005,0.01455310837507982,"Ttest_relResult(statistic=11.987350043303639, pvalue=7.769372990747327e-07)","Ttest_relResult(statistic=6.972471542682428, pvalue=6.520171246229671e-05)"
1,420,500,7,50,0.04410429685402699,-0.007584132881999533,0.014315717004756045,"Ttest_relResult(statistic=24.684231016781006, pvalue=2.685206410107998e-29)","Ttest_relResult(statistic=13.936381221190494, pvalue=1.1325498304422205e-18)"
1,420,500,7,100,0.045640788917606444,-0.005053926987057253,0.017447703814566153,"Ttest_relResult(statistic=33.845003498533, pvalue=3.181423359233371e-56)","Ttest_relResult(statistic=18.759496584407373, pvalue=2.300014511279333e-34)"
1,420,500,7,200,0.04584846839797651,-0.0033105118350556986,0.0182448837593947,"Ttest_relResult(statistic=46.778010291926215, pvalue=2.552342678612685e-109)","Ttest_relResult(statistic=25.75574090941691, pvalue=2.774902018150186e-65)"
2,420,500,7,10,0.06347223171824182,0.006567451808761971,0.030795838878938574,"Ttest_relResult(statistic=12.345177501171964, pvalue=6.045277243114356e-07)","Ttest_relResult(statistic=7.1233472426396505, pvalue=5.524346049751355e-05)"
2,420,500,7,50,0.06124953788871428,0.007360836722440418,0.029980658936239784,"Ttest_relResult(statistic=25.36815752922036, pvalue=7.740467850406843e-30)","Ttest_relResult(statistic=14.115642356267703, pvalue=6.843210502175861e-19)"
2,420,500,7,100,0.06278980737716068,0.009899573963549253,0.03327282457105474,"Ttest_relResult(statistic=34.82216084608491, pvalue=2.3592311947750852e-57)","Ttest_relResult(statistic=19.192945683392363, pvalue=3.8845021766034367e-35)"
2,420,500,7,200,0.06300833152044345,0.011680966581064647,0.03406990311007346,"Ttest_relResult(statistic=48.166752315636536, pvalue=1.2097983984417604e-111)","Ttest_relResult(statistic=26.081459101344265, pvalue=4.019095375793523e-66)"
1,420,500,14,10,0.022869534995455864,8.090607849245979e-05,0.007558273300242541,"Ttest_relResult(statistic=6.087224606685983, pvalue=0.00018204657851877244)","Ttest_relResult(statistic=2.7440834760360304, pvalue=0.0226954310800085)"
1,420,500,14,50,0.03075177449409328,0.007723741997147371,0.01751492009134588,"Ttest_relResult(statistic=14.144156500993246, pvalue=6.31850144324138e-19)","Ttest_relResult(statistic=8.574967536514059, pvalue=2.5577977375769818e-11)"
1,420,500,14,100,0.02900743298599327,0.0058295439229975625,0.015396202729796226,"Ttest_relResult(statistic=20.0751190048385, pvalue=1.1177291165833156e-36)","Ttest_relResult(statistic=11.758537818751819, pvalue=1.6877086547006927e-20)"
1,420,500,14,200,0.02592906005124088,0.002950637368611767,0.01248624357884558,"Ttest_relResult(statistic=31.09875886423966, pvalue=2.4356187786779976e-78)","Ttest_relResult(statistic=17.354862586855095, pvalue=1.0778002864433426e-41)"
2,420,500,14,10,0.0333303167773923,0.009845066668471037,0.017988463973242837,"Ttest_relResult(statistic=6.211790600663616, pvalue=0.00015663439187378158)","Ttest_relResult(statistic=2.951610762889793, pvalue=0.016178528053815682)"
2,420,500,14,50,0.04133107445233283,0.01760443122525338,0.027922095723776037,"Ttest_relResult(statistic=14.451938720288366, pvalue=2.687643904125826e-19)","Ttest_relResult(statistic=8.985017397822732, pvalue=6.2068183953756434e-12)"
2,420,500,14,100,0.0395882976229807,0.01571080354739494,0.02571338712828797,"Ttest_relResult(statistic=20.504213043673676, pvalue=2.0586877084077866e-37)","Ttest_relResult(statistic=12.091700657651586, pvalue=3.2682237603248864e-21)"
2,420,500,14,200,0.03648051806236372,0.012805285317631027,0.022765390638800773,"Ttest_relResult(statistic=31.754350393414896, pvalue=7.665401505468568e-80)","Ttest_relResult(statistic=17.84887716056149, pvalue=3.555714399905048e-43)"
1,420,500,28,10,0.022229263525548538,0.010897323890442723,0.01413316592962347,"Ttest_relResult(statistic=5.240962183992515, pvalue=0.0005340772910761324)","Ttest_relResult(statistic=2.3553086650006096, pvalue=0.04293008674559282)"
1,420,500,28,50,0.011358158171219237,-1.0138080641890479e-05,0.0037962734997016856,"Ttest_relResult(statistic=9.205654569027883, pvalue=2.9173557469138574e-12)","Ttest_relResult(statistic=4.363097946188116, pvalue=6.592748798413569e-05)"
1,420,500,28,100,0.011248351383198478,-0.0003625673906092208,0.0038087961971014377,"Ttest_relResult(statistic=13.950831906186522, pvalue=4.152377766035889e-25)","Ttest_relResult(statistic=6.902688357143353, pvalue=4.920669683436512e-10)"
1,420,500,28,200,0.011844116058242392,-5.495505082775687e-06,0.00433897572086131,"Ttest_relResult(statistic=20.6020481876665, pvalue=3.075792267637367e-51)","Ttest_relResult(statistic=10.444658435929203, pvalue=1.218684516801142e-20)"
2,420,500,28,10,0.028484122084594766,0.01691195549803185,0.020139634744804968,"Ttest_relResult(statistic=5.318850642460409, pvalue=0.000481714288055712)","Ttest_relResult(statistic=2.2837278889013857, pvalue=0.04826730969359975)"
2,420,500,28,50,0.01767422739668019,0.006089188804283537,0.00995292556560874,"Ttest_relResult(statistic=9.33078436344648, pvalue=1.905626337498627e-12)","Ttest_relResult(statistic=4.397762844885669, pvalue=5.881522586389856e-05)"
2,420,500,28,100,0.017573742139049744,0.005745705710593268,0.009980285163263113,"Ttest_relResult(statistic=14.13748695052357, pvalue=1.7217141547752882e-25)","Ttest_relResult(statistic=6.929469520098213, pvalue=4.332287145775621e-10)"
2,420,500,28,200,0.01817723796796793,0.006109183209872362,0.010562848098613272,"Ttest_relResult(statistic=20.859004495557798, pvalue=5.676571669553052e-52)","Ttest_relResult(statistic=10.579590066469697, pvalue=4.856614426142934e-21)"
1,420,500,56,10,-0.0018993450001091484,-0.008096813830168904,-0.005412747888243941,"Ttest_relResult(statistic=3.491793651920294, pvalue=0.006810894808331274)","Ttest_relResult(statistic=2.0665049082564386, pvalue=0.06875215082084901)"
1,420,500,56,50,0.004746474742698987,-0.0008773223309808942,0.0013503547119776494,"Ttest_relResult(statistic=7.037608909426648, pvalue=5.8011521580483e-09)","Ttest_relResult(statistic=3.448932738915485, pvalue=0.0011661772748763459)"
1,420,500,56,100,0.0016561211282252507,-0.004437034007027228,-0.002009817701441175,"Ttest_relResult(statistic=9.939911060748091, pvalue=1.4794199235589787e-16)","Ttest_relResult(statistic=5.081736485169461, pvalue=1.766705155617092e-06)"
1,420,500,56,200,1.5340134523400827e-05,-0.005932918877442798,-0.0034051590652207898,"Ttest_relResult(statistic=14.939003547905507, pvalue=2.4433304996731697e-34)","Ttest_relResult(statistic=8.234634686118081, pvalue=2.3561188472701207e-14)"
2,420,500,56,10,0.001797940287934302,-0.004474004777331048,-0.001741539887191862,"Ttest_relResult(statistic=3.5237602004370046, pvalue=0.006477081277235599)","Ttest_relResult(statistic=2.152701538027899, pvalue=0.05977330961780244)"
2,420,500,56,50,0.008481246779543063,0.002791932171233038,0.0050630542495251445,"Ttest_relResult(statistic=7.093573709149646, pvalue=4.751903721282684e-09)","Ttest_relResult(statistic=3.522788049775736, pvalue=0.0009351664354199282)"
2,420,500,56,100,0.00537923178622806,-0.0007805418180110752,0.0016743844652100715,"Ttest_relResult(statistic=10.014306543738662, pvalue=1.0181238142244101e-16)","Ttest_relResult(statistic=5.154116989548309, pvalue=1.3046102549044437e-06)"
2,420,500,56,200,0.003722693709985323,-0.0022918203825189414,0.00025122921290502727,"Ttest_relResult(statistic=15.056523435416537, pvalue=1.0643822872520705e-34)","Ttest_relResult(statistic=8.295887489952888, pvalue=1.607711598967178e-14)"
1,420,1000,7,10,0.042672009410852155,-0.007469502372623993,0.013725774261249185,"Ttest_relResult(statistic=15.360282134717755, pvalue=9.178031747297391e-08)","Ttest_relResult(statistic=10.812160860599953, pvalue=1.8613123483720162e-06)"
1,420,1000,7,50,0.04678713329333041,0.00015974542817264402,0.020863960452106766,"Ttest_relResult(statistic=33.288140135459486, pvalue=2.635488492039508e-35)","Ttest_relResult(statistic=20.43037569498128, pvalue=1.2675034387575202e-25)"
1,420,1000,7,100,0.04829803228584233,0.000285247335647284,0.02024502073446291,"Ttest_relResult(statistic=42.17154341130245, pvalue=4.539234432016056e-65)","Ttest_relResult(statistic=23.531315663140678, pvalue=2.470843787817345e-42)"
1,420,1000,7,200,0.048037847669505335,0.0003548397062644293,0.020056435535335992,"Ttest_relResult(statistic=61.303351755212866, pvalue=3.630068142912252e-131)","Ttest_relResult(statistic=33.621566314308495, pvalue=5.2314895748551995e-84)"
2,420,1000,7,10,0.05972773450451392,0.007428276035192483,0.02997229187406068,"Ttest_relResult(statistic=15.757509398941673, pvalue=7.348667733737343e-08)","Ttest_relResult(statistic=11.191882767094022, pvalue=1.3912463075677972e-06)"
2,420,1000,7,50,0.0639666180975139,0.015215955966663173,0.036955287137408345,"Ttest_relResult(statistic=34.319961474704066, pvalue=6.272662085758109e-36)","Ttest_relResult(statistic=20.000896672558696, pvalue=3.218095659532922e-25)"
2,420,1000,7,100,0.06549076823893184,0.015329688949422344,0.036339618963979754,"Ttest_relResult(statistic=43.46122464236093, pvalue=2.6763550041682547e-66)","Ttest_relResult(statistic=23.693646006569693, pvalue=1.3848212150733645e-42)"
2,420,1000,7,200,0.0652298992045289,0.015395785225318148,0.03596727668288446,"Ttest_relResult(statistic=63.217534415575834, pvalue=1.075868793070569e-133)","Ttest_relResult(statistic=33.70293900188335, pvalue=3.4734602228461853e-84)"
1,420,1000,14,10,0.0260138309993725,0.0006518911724538834,0.011912467675962735,"Ttest_relResult(statistic=9.927091186070921, pvalue=3.802830636289205e-06)","Ttest_relResult(statistic=6.219398310505929, pvalue=0.00015521271297962538)"
1,420,1000,14,50,0.025232090817527322,0.0005752299375847226,0.011572674552274629,"Ttest_relResult(statistic=22.937672692604963, pvalue=7.388955924053295e-28)","Ttest_relResult(statistic=15.373707386941332, pvalue=2.2222963445078416e-20)"
1,420,1000,14,100,0.025137998333860722,0.0017599466732788993,0.01144901668021522,"Ttest_relResult(statistic=29.567488919289406, pvalue=6.208247240688166e-51)","Ttest_relResult(statistic=17.666616919354272, pvalue=2.262300904685377e-32)"
1,420,1000,14,200,0.024855858329760814,0.0008658535106754812,0.0109356979194408,"Ttest_relResult(statistic=42.172566945941576, pvalue=3.519593732612695e-101)","Ttest_relResult(statistic=25.33549720734789, pvalue=3.422982388094044e-64)"
2,420,1000,14,10,0.03653693394669636,0.010452168905846349,0.02178590156410453,"Ttest_relResult(statistic=10.095944229474972, pvalue=3.3046627756361277e-06)","Ttest_relResult(statistic=5.741456998866148, pvalue=0.00027928730534117484)"
2,420,1000,14,50,0.03581427764218275,0.010455962366281763,0.021643829144954996,"Ttest_relResult(statistic=23.352397717263766, pvalue=3.3006136590617396e-28)","Ttest_relResult(statistic=15.262522440447357, pvalue=2.986067812048186e-20)"
2,420,1000,14,100,0.035710012088851925,0.011635768082971154,0.0215416708620531,"Ttest_relResult(statistic=30.16676337449544, pvalue=1.0365651383227722e-51)","Ttest_relResult(statistic=17.60764076686197, pvalue=2.910398729462281e-32)"
2,420,1000,14,200,0.035405736202050384,0.01071377529087421,0.02106273368579173,"Ttest_relResult(statistic=43.01814892593142, pvalue=9.98937678700187e-103)","Ttest_relResult(statistic=25.456912519546652, pvalue=1.65258416502272e-64)"
1,420,1000,28,10,0.010293189945833014,-0.002296141909075927,0.0034654722985207388,"Ttest_relResult(statistic=11.445512661460173, pvalue=1.1509269415873054e-06)","Ttest_relResult(statistic=4.937329265429782, pvalue=0.000805188092573875)"
1,420,1000,28,50,0.018486944675336636,0.006088345907762944,0.011404423932351353,"Ttest_relResult(statistic=14.841448256618145, pvalue=9.260245504612446e-20)","Ttest_relResult(statistic=9.458599151662135, pvalue=1.235623122446307e-12)"
1,420,1000,28,100,0.017848826551691982,0.005791865433745887,0.011070994713763677,"Ttest_relResult(statistic=20.884375414397574, pvalue=4.6837204772912147e-38)","Ttest_relResult(statistic=13.002624829139164, pvalue=3.85860145103292e-23)"
1,420,1000,28,200,0.014690912579839321,0.0022108464768278427,0.007739497306622678,"Ttest_relResult(statistic=30.927264101295474, pvalue=6.067299330294135e-78)","Ttest_relResult(statistic=19.420314303177594, pvalue=8.045311537512276e-48)"
2,420,1000,28,10,0.016619179981642883,0.00381122540666855,0.009937310450994868,"Ttest_relResult(statistic=11.551665522996629, pvalue=1.064280755275306e-06)","Ttest_relResult(statistic=4.765926997119388, pvalue=0.001021166504366752)"
2,420,1000,28,50,0.024872462532919828,0.012253384122119279,0.01774578371493713,"Ttest_relResult(statistic=15.01239379681746, pvalue=5.834366925653986e-20)","Ttest_relResult(statistic=9.618743213806109, pvalue=7.198879933039821e-13)"
2,420,1000,28,100,0.02423481894707053,0.011959563250995946,0.017390492751835594,"Ttest_relResult(statistic=21.12575204413768, pvalue=1.8457337863223208e-38)","Ttest_relResult(statistic=13.21020074314178, pvalue=1.4190929633053554e-23)"
2,420,1000,28,200,0.021048578461407272,0.008347405272281032,0.014018153101878683,"Ttest_relResult(statistic=31.28032774039108, pvalue=9.300565303505523e-79)","Ttest_relResult(statistic=19.709114647529645, pvalue=1.158832154174586e-48)"
1,420,1000,56,10,0.004935449860705132,-0.00020080385615944273,0.0008657280594679129,"Ttest_relResult(statistic=4.197930280038674, pvalue=0.0023137729852950014)","Ttest_relResult(statistic=1.2172931642035618, pvalue=0.2544467297093351)"
1,420,1000,56,50,0.008161886629487233,0.0025488397287872634,0.004503577730409225,"Ttest_relResult(statistic=10.564755196038133, pvalue=3.1484838710555096e-14)","Ttest_relResult(statistic=5.0686990891896935, pvalue=6.109478272671614e-06)"
1,420,1000,56,100,0.007141707632733421,0.0018008994390959192,0.00368255684004154,"Ttest_relResult(statistic=13.319076908822804, pvalue=8.412603550479869e-24)","Ttest_relResult(statistic=6.486068028203914, pvalue=3.49324031692489e-09)"
1,420,1000,56,200,0.006803484686049863,0.0012778698785146211,0.003389729073225846,"Ttest_relResult(statistic=19.73387886335498, pvalue=9.81855503488054e-49)","Ttest_relResult(statistic=10.22028365636247, pvalue=5.586503871724857e-20)"
2,420,1000,56,10,0.008661502058557846,0.003468594278392584,0.004477409668120258,"Ttest_relResult(statistic=4.233603524690056, pvalue=0.0021949074978559495)","Ttest_relResult(statistic=1.2191643717911211, pvalue=0.25376973785071844)"
2,420,1000,56,50,0.011892483548456751,0.006215137048185223,0.008220582107119683,"Ttest_relResult(statistic=10.6504348104572, pvalue=2.3842578146405565e-14)","Ttest_relResult(statistic=5.134254701581719, pvalue=4.873646939322551e-06)"
2,420,1000,56,100,0.010881807783957951,0.005478647700845567,0.007377899718618189,"Ttest_relResult(statistic=13.433850790242362, pvalue=4.854453900001005e-24)","Ttest_relResult(statistic=6.467500580222652, pvalue=3.8083241624664895e-09)"
2,420,1000,56,200,0.01054328516532866,0.004954188733052116,0.007088934441727599,"Ttest_relResult(statistic=19.89983569370772, pvalue=3.239594943028014e-49)","Ttest_relResult(statistic=10.246006746567078, pvalue=4.6939818539472286e-20)"
1,420,2000,7,10,0.05288596455148199,0.010323381280507716,0.02730399524327142,"Ttest_relResult(statistic=23.998330164653527, pvalue=1.8100441243130234e-09)","Ttest_relResult(statistic=7.742583255536841, pvalue=2.871696830180447e-05)"
1,420,2000,7,50,0.0482806599678592,0.0015539753174501493,0.020526431758406346,"Ttest_relResult(statistic=51.70735505609946, pvalue=2.046050472205023e-44)","Ttest_relResult(statistic=19.10527933819895, pvalue=2.3650383673374822e-24)"
1,420,2000,7,100,0.047130855616228186,0.0001284902236013552,0.019422051644354475,"Ttest_relResult(statistic=76.3007812445258, pvalue=9.07180141784381e-90)","Ttest_relResult(statistic=27.785857905576623, pvalue=1.5149140146954412e-48)"
1,420,2000,7,200,0.047922887480320864,0.0004790921487188288,0.020881492134121823,"Ttest_relResult(statistic=97.54455830170683, pvalue=5.5776438446286366e-170)","Ttest_relResult(statistic=40.92203078707725, pvalue=7.591635455296993e-99)"
2,420,2000,7,10,0.07008925364310974,0.02546884826872665,0.04316997151964415,"Ttest_relResult(statistic=24.743996675124762, pvalue=1.3794742917086676e-09)","Ttest_relResult(statistic=9.0160548356718, pvalue=8.414448878243828e-06)"
2,420,2000,7,50,0.06547094039148471,0.016626688021686983,0.03638182833546629,"Ttest_relResult(statistic=53.23655615468117, pvalue=5.027228069566616e-45)","Ttest_relResult(statistic=19.686422555146564, pvalue=6.430613765413513e-25)"
2,420,2000,7,100,0.06431779887712205,0.015187980418702245,0.03535784701179548,"Ttest_relResult(statistic=78.62237997144082, pvalue=4.894501995132722e-91)","Ttest_relResult(statistic=28.064252826596025, pvalue=6.303214100263405e-49)"
2,420,2000,7,200,0.06512086938957942,0.015537446184016987,0.03683863603824634,"Ttest_relResult(statistic=100.46787604242222, pvalue=1.7578585628775365e-172)","Ttest_relResult(statistic=41.298604439039785, pvalue=1.4847665948925516e-99)"
1,420,2000,14,10,0.014922858035691378,-0.009197630469214086,-0.0001464223101386164,"Ttest_relResult(statistic=15.891523868148672, pvalue=6.825766744506314e-08)","Ttest_relResult(statistic=7.20855125144507, pvalue=5.0364158907082237e-05)"
1,420,2000,14,50,0.019391677521380265,-0.004999353323496407,0.005392795702681503,"Ttest_relResult(statistic=36.495988556285305, pvalue=3.447842189484292e-37)","Ttest_relResult(statistic=17.92176445506966, pvalue=3.694684248672611e-23)"
1,420,2000,14,100,0.021221127400206704,-0.002881756675827857,0.007403092970757989,"Ttest_relResult(statistic=46.588037751005075, pvalue=3.788189387137448e-69)","Ttest_relResult(statistic=23.238178095098323, pvalue=7.079598694907234e-42)"
1,420,2000,14,200,0.022647303106128298,-0.0011155264973865006,0.008940108327896691,"Ttest_relResult(statistic=57.24442671803976, pvalue=1.4588913028264526e-125)","Ttest_relResult(statistic=29.72124884694203, pvalue=4.090605019935144e-75)"
2,420,2000,14,10,0.02537504476851433,0.0005496738547844992,0.00987198098621565,"Ttest_relResult(statistic=16.261984478811698, pvalue=5.5826026786454946e-08)","Ttest_relResult(statistic=7.059376133677741, pvalue=5.9246588207290934e-05)"
2,420,2000,14,50,0.02988363416150524,0.004791322295355437,0.015410764054628667,"Ttest_relResult(statistic=37.19592842833191, pvalue=1.4031136032985565e-37)","Ttest_relResult(statistic=17.538428575323394, pvalue=9.264968753175074e-23)"
2,420,2000,14,100,0.03172794462893711,0.006923553428063216,0.017552054274442723,"Ttest_relResult(statistic=47.54476063767275, pvalue=5.5139086547575386e-70)","Ttest_relResult(statistic=23.605089997002285, pvalue=1.89853043292244e-42)"
2,420,2000,14,200,0.03317969736302195,0.008716469746115361,0.019070957083237035,"Ttest_relResult(statistic=58.40148893110945, pvalue=3.398250659496999e-127)","Ttest_relResult(statistic=30.01868909910559, pvalue=8.078844255742981e-76)"
1,420,2000,28,10,0.007623163771630104,-0.003892361398454014,0.0007805489874293692,"Ttest_relResult(statistic=11.705982705806274, pvalue=9.508939173314428e-07)","Ttest_relResult(statistic=5.298447523038204, pvalue=0.0004948718942557576)"
1,420,2000,28,50,0.010101983882271952,-0.0026902991956843734,0.0026420814599187725,"Ttest_relResult(statistic=23.60327698457808, pvalue=2.0389040648626468e-28)","Ttest_relResult(statistic=12.196661430320546, pvalue=1.85429988194534e-16)"
1,420,2000,28,100,0.011414637914362178,-0.0010532451894956656,0.004366034522661188,"Ttest_relResult(statistic=33.613908473283345, pvalue=5.940890880925031e-56)","Ttest_relResult(statistic=19.69815722912804, pvalue=5.0323699774003766e-36)"
1,420,2000,28,200,0.011782726412240709,-0.0003282558488191409,0.004890529096284738,"Ttest_relResult(statistic=38.84272298576849, pvalue=7.728055849163231e-95)","Ttest_relResult(statistic=24.10531273770687, pvalue=6.0812125425112226e-61)"
2,420,2000,28,10,0.013948507423016255,0.002218744075498558,0.007168596306287994,"Ttest_relResult(statistic=11.86684145459428, pvalue=8.467207660834633e-07)","Ttest_relResult(statistic=5.096744668924227, pvalue=0.0006479957172691743)"
2,420,2000,28,50,0.01644829214875218,0.0034334804687224875,0.008780638070828989,"Ttest_relResult(statistic=23.87760686357195, pvalue=1.209974056790637e-28)","Ttest_relResult(statistic=11.7882259630572, pvalue=6.491287153253508e-16)"
2,420,2000,28,100,0.017768267570977034,0.005079520788708261,0.010574103000187785,"Ttest_relResult(statistic=34.00090785001811, pvalue=2.091802060641088e-56)","Ttest_relResult(statistic=19.447660947807897, pvalue=1.38085207147091e-35)"
2,420,2000,28,200,0.018131045864139453,0.005800081709876063,0.011099587128479462,"Ttest_relResult(statistic=39.30152160163185, pvalue=9.76530547397657e-96)","Ttest_relResult(statistic=24.222613439611763, pvalue=2.9550466922943753e-61)"
1,420,2000,56,10,0.015222735001624438,0.010767144495973824,0.01234866953482398,"Ttest_relResult(statistic=6.2001592093512725, pvalue=0.0001588354719696421)","Ttest_relResult(statistic=2.736919250090508, pvalue=0.02296304211851456)"
1,420,2000,56,50,0.0033652874807683654,-0.002382892778087563,-0.00015490796052599286,"Ttest_relResult(statistic=14.327193254098013, pvalue=3.7952344357346385e-19)","Ttest_relResult(statistic=7.1882322132310925, pvalue=3.3914998174434475e-09)"
1,420,2000,56,100,0.004397177905363912,-0.001497225099781967,0.0009449222418420655,"Ttest_relResult(statistic=20.239629412524454, pvalue=5.827850874397866e-37)","Ttest_relResult(statistic=11.058048231823587, pvalue=5.465959728099016e-19)"
1,420,2000,56,200,0.004562164535209452,-0.0012752818010777422,0.0010958644599518303,"Ttest_relResult(statistic=28.174632675700682, pvalue=2.2269261233295028e-71)","Ttest_relResult(statistic=15.90571996585762, pvalue=2.6710074321530173e-37)"
2,420,2000,56,10,0.018986481688464646,0.014471556438247407,0.016200197108174934,"Ttest_relResult(statistic=6.271050887243974, pvalue=0.00014592392367045987)","Ttest_relResult(statistic=2.851751510089138, pvalue=0.019034728736853936)"
2,420,2000,56,50,0.007101977708215484,0.001289828551619987,0.0036201389391876683,"Ttest_relResult(statistic=14.43946406892194, pvalue=2.781774675120115e-19)","Ttest_relResult(statistic=7.359936258416617, pvalue=1.8408083892660874e-09)"
2,420,2000,56,100,0.00813289435297683,0.0021741037599183927,0.004683925703016807,"Ttest_relResult(statistic=20.395196931544916, pvalue=3.157573303201093e-37)","Ttest_relResult(statistic=11.275936542628314, pvalue=1.8467213094490894e-19)"
2,420,2000,56,200,0.008298547140560135,0.002396678929067865,0.004817412828251191,"Ttest_relResult(statistic=28.389766248322662, pvalue=6.616388854017049e-72)","Ttest_relResult(statistic=16.18156174638976, pvalue=3.8499987453864487e-38)"
